config,trial,sender_id,policy,avg_rtt_ms,avg_throughput_mbps,avg_loss_pct,avg_reward
cubic_only,0,0,cubic,1267.7498931884766,2.5180000185966493,2.0050942545319796,-14.169687422352075
cubic_only,0,1,cubic,1207.7591718673707,2.644750016927719,1.7843989418686785,-13.001639585483343
cubic_only,0,2,cubic,1272.0296726226807,2.4024999916553496,1.9138358183989634,-14.145468371369384
cubic_only,0,3,cubic,1259.048682785034,1.8635000050067902,0.23901007694527127,-11.205006976734094
cubic_only,1,0,cubic,1228.4911666870116,2.9735000014305113,1.6229149480062428,-12.557241561452091
cubic_only,1,1,cubic,1228.6191452026367,2.746250015497208,1.7409667343318318,-13.021874905192822
cubic_only,1,2,cubic,1200.1364070892334,0.9359249990433455,0.7439848709142522,-12.553408813677493
cubic_only,1,3,cubic,1219.3073024749756,2.784249997138977,1.7632561139039324,-12.935335255418645
cubic_only,2,0,cubic,1270.0269916534423,2.4797500133514405,1.9051199943166761,-14.030759891816336
cubic_only,2,1,cubic,1269.359778213501,2.324500024318695,1.9920450591729513,-14.353187876162218
cubic_only,2,2,cubic,1205.0228713989259,2.3102499932050704,2.1223624048352976,-13.984703530454784
cubic_only,2,3,cubic,1222.887919330597,2.3040000081062315,2.0012861606216457,-13.92745150644303
cubic_only,3,0,cubic,1262.170851135254,2.4817499995231627,1.9567656629999282,-14.053489837829233
cubic_only,3,1,cubic,1252.612775039673,2.054750010371208,0.04264060195218379,-10.556658943929888
cubic_only,3,2,cubic,1262.1708122253417,2.5152499794960024,1.735854498005854,-13.578167138769123
cubic_only,3,3,cubic,1258.0793342590332,2.4137499928474426,1.988192276045066,-14.143427901833022
cubic_only,4,0,cubic,1213.0521030426025,2.889749985933304,1.5313259887527557,-12.303423021998233
cubic_only,4,1,cubic,1164.6387993812561,2.820749992132187,1.7819211816843619,-12.389480365049097
cubic_only,4,2,cubic,1198.8441814422608,0.8598999958485365,1.1553666840609336,-13.439275186695937
cubic_only,4,3,cubic,1213.1898174285889,2.8590000092983248,1.526999893711725,-12.326897952411013
cubic_only,5,0,cubic,1272.5781997680665,2.4882500141859056,1.96163910066123,-14.160810184817219
cubic_only,5,1,cubic,1240.8507097244262,2.295500010251999,2.0378402625667635,-14.18868761212579
cubic_only,5,2,cubic,1221.5388017654418,2.31174997985363,2.127451811590176,-14.15854166098114
cubic_only,5,3,cubic,1268.1533946990967,2.339000004529953,2.0839314359715138,-14.510396814404041
cubic_only,6,0,cubic,1214.9216033935547,2.37925001680851,0.3267250312473194,-10.423416079621676
cubic_only,6,1,cubic,1249.3833744049073,2.348750004172325,2.0144840700551123,-14.17405187998697
cubic_only,6,2,cubic,1245.3095027923584,2.3694999873638154,2.0214682678275815,-14.126531576214933
cubic_only,6,3,cubic,1244.0513534545898,2.3445000052452087,2.058177190983452,-14.212367911267595
cubic_only,7,0,cubic,1221.298369216919,2.633750009536743,1.689155265699964,-12.957544214032373
cubic_only,7,1,cubic,1184.5629524230958,2.444250023365021,1.9005113301129928,-13.202402161091921
cubic_only,7,2,cubic,1235.1276271820068,1.9884999811649322,0.033933517237339665,-10.430643325129816
cubic_only,7,3,cubic,1235.00881690979,2.3187499940395355,1.8840002649349477,-13.79933870492826
cubic_only,8,0,cubic,1228.1245474815369,2.4770000159740446,1.8896632115761836,-13.583571881993691
cubic_only,8,1,cubic,1272.2385818481446,2.3077500104904174,2.0059136201717966,-14.42646304833462
cubic_only,8,2,cubic,1263.7695556640624,2.3127499908208846,2.1115513967426196,-14.54804835930498
cubic_only,8,3,cubic,1232.071896648407,2.3460000336170195,2.056604388810239,-14.087927710487529
cubic_only,9,0,cubic,1224.3951509475708,2.495250016450882,1.8472604616840922,-13.44322241639301
cubic_only,9,1,cubic,1267.9878486633302,2.325750005245209,1.983986991326495,-14.32210246404108
cubic_only,9,2,cubic,1261.4223724365233,2.3012499809265137,2.166476790477863,-14.645927324394446
cubic_only,9,3,cubic,1264.829179763794,2.3344999998807907,2.0842907189051654,-14.48237323556748
ppo_only,0,0,ppo,718.3852230072022,2.2373500227928163,0.19499962149597697,-5.336501450271159
ppo_only,0,1,ppo,719.1761459350586,2.1792499899864195,0.06542980558273301,-5.143371080529632
ppo_only,0,2,ppo,720.2701759338379,2.625749981403351,0.10417132676677383,-4.785294431468576
ppo_only,0,3,ppo,719.8100204467773,2.4724999904632567,0.06029823144727333,-4.846196676899064
ppo_only,1,0,ppo,612.2963726043702,1.8072500020265578,0.15588556565730988,-4.627484855331764
ppo_only,1,1,ppo,613.4842014312744,2.6199999868869783,0.04709884715035524,-3.6090397217264765
ppo_only,1,2,ppo,611.0311992645263,2.090999999642372,0.07090343643960045,-4.161118865882092
ppo_only,1,3,ppo,613.2578754425049,3.005499988794327,0.03189424630805843,-3.190867258246839
ppo_only,2,0,ppo,780.17841796875,2.7307500004768372,0.060696095724479225,-5.192426370659621
ppo_only,2,1,ppo,779.4989780426025,1.7538999974727632,0.111691814741363,-6.264473412435988
ppo_only,2,2,ppo,783.7425682067872,3.5427500128746034,0.07223222910263656,-4.439140127398541
ppo_only,2,3,ppo,775.7196479797364,1.507799994945526,0.14064184541360575,-6.530680175679049
ppo_only,3,0,ppo,592.855322265625,2.563250008225441,0.05610915460203488,-3.4775215236348784
ppo_only,3,1,ppo,593.3174255371093,2.7297499895095827,0.042550499332713786,-3.288525264526939
ppo_only,3,2,ppo,590.0904277801513,2.141999989748001,0.06909690635116002,-3.8970981007558323
ppo_only,3,3,ppo,587.8334476470948,2.0549999952316282,0.16973282254881977,-4.1628001263369585
ppo_only,4,0,ppo,916.6861701965332,1.7240000128746034,0.06098388291434207,-7.564829454919414
ppo_only,4,1,ppo,913.9677070617676,1.8327500253915787,0.05116378867839705,-7.409254622582891
ppo_only,4,2,ppo,919.7800224304199,3.7855000436306,0.02877061368144284,-5.469841408036485
ppo_only,4,3,ppo,915.9956020355224,2.1797499775886537,0.07957796449115624,-7.139361971748883
ppo_only,5,0,ppo,1111.031499862671,1.5389000236988069,0.0639778480700396,-9.699370671067982
ppo_only,5,1,ppo,1119.979875946045,2.9937500178813936,0.03737629320512263,-8.2808013279893
ppo_only,5,2,ppo,1074.9374984741212,3.211500012874603,0.047685064515899905,-7.633245100898408
ppo_only,5,3,ppo,1112.996700668335,1.7162999987602234,0.06549486763155764,-9.544656743186241
ppo_only,6,0,ppo,985.9546566009521,1.853000023961067,0.04785805908021707,-8.102262660208888
ppo_only,6,1,ppo,987.0114444732666,2.373500019311905,0.06636471944314014,-7.6293438643070415
ppo_only,6,2,ppo,985.3752738952637,2.5085000306367875,0.08833283100244305,-7.521918370320735
ppo_only,6,3,ppo,987.6299293518066,2.7759999871253966,0.06879132711103322,-7.237881960614736
ppo_only,7,0,ppo,1024.573942565918,1.5925750121474267,0.07028557191598143,-8.793735557343716
ppo_only,7,1,ppo,977.6767244338989,1.3243750020861627,0.16711492058820113,-8.78662208342923
ppo_only,7,2,ppo,1033.6218479156494,4.2762499928474424,0.04370543567541042,-6.147379357659872
ppo_only,7,3,ppo,1027.3189002990723,2.316999989748001,0.03346386491640049,-8.023116743075523
ppo_only,8,0,ppo,990.4159505844116,1.8212500184774398,0.09599481952161827,-8.274899126409913
ppo_only,8,1,ppo,1030.0058006286622,2.3264999985694885,0.06658609819015807,-8.106730204097449
ppo_only,8,2,ppo,1026.0887805938721,2.1532500207424166,0.03787581631914518,-8.183389417834594
ppo_only,8,3,ppo,1031.3778476715088,3.258499974012375,0.04829883346265144,-7.151876169628015
ppo_only,9,0,ppo,646.9589805603027,1.7160000026226043,0.18411862739952845,-5.1218270577794796
ppo_only,9,1,ppo,646.8913757324219,1.2049999997019767,0.20209322022581877,-5.668100198073879
ppo_only,9,2,ppo,650.5663452148438,4.026499968767166,0.019820986143938547,-2.518805455669148
ppo_only,9,3,ppo,649.6626235961915,2.5794999837875365,0.042730538952739296,-4.002587330079856
hybrid_only,0,0,hybrid,815.9734970092774,1.8820000171661377,0.08786664117789131,-6.453468235282419
hybrid_only,0,1,hybrid,814.3694019317627,1.8092500180006028,0.08551392702567377,-6.505471855368372
hybrid_only,0,2,hybrid,787.2544511795044,3.429000025987625,0.04383455257939038,-4.5312135909662
hybrid_only,0,3,hybrid,816.5930595397949,2.402250015735626,0.03820627381932552,-5.840093127300974
hybrid_only,1,0,hybrid,793.1388740539551,2.1741499975323677,0.19929349336732033,-6.1558257297418235
hybrid_only,1,1,hybrid,794.6946544647217,2.7905000030994414,0.061167735107516163,-5.278782011762807
hybrid_only,1,2,hybrid,794.7319011688232,2.7232500076293946,0.045182581076278545,-5.314434166211395
hybrid_only,1,3,hybrid,790.5209491729736,1.8124999821186065,0.08716662536452367,-6.267042760340177
hybrid_only,2,0,hybrid,771.7539199829101,1.5742750003933907,0.17714498229169057,-6.497554164019093
hybrid_only,2,1,hybrid,752.3799307823181,4.692000013589859,0.035282268189793874,-2.9023638306129103
hybrid_only,2,2,hybrid,777.6966205596924,2.2275000005960464,0.04620078578499931,-5.641867776570876
hybrid_only,2,3,hybrid,769.2668273925781,1.0063249938189984,0.3034943312849253,-7.293331942676633
hybrid_only,3,0,hybrid,824.3408462524415,2.3990000069141386,0.06947672173967995,-5.983361899089635
hybrid_only,3,1,hybrid,789.9746959686279,1.3227500110864638,0.1434109211928887,-6.863818790985593
hybrid_only,3,2,hybrid,824.8932327270508,2.3470000118017196,0.0806687416171067,-6.0632697987030015
hybrid_only,3,3,hybrid,824.9180240631104,3.4337499916553496,0.04340577363134242,-4.902241796238439
hybrid_only,4,0,hybrid,854.2075008392334,2.5460000038146973,0.08075337957640431,-6.1575817637304455
hybrid_only,4,1,hybrid,857.168667602539,3.251500004529953,0.06569032401099427,-5.451567319517427
hybrid_only,4,2,hybrid,825.9491313934326,2.3047499775886537,0.07657265658963829,-6.107886649524949
hybrid_only,4,3,hybrid,817.9365754127502,1.4558749988675117,0.1378463307267996,-6.99918341671359
hybrid_only,5,0,hybrid,796.0953022003174,2.199250024557114,0.08769713009398158,-5.937097257634023
hybrid_only,5,1,hybrid,796.3679691314697,1.8737500190734864,0.06367621732394631,-6.217282106889104
hybrid_only,5,2,hybrid,797.5143733978272,2.8880000174045564,0.058708813718848084,-5.204561344011411
hybrid_only,5,3,hybrid,770.4705245971679,2.573499995470047,0.06874957122524614,-5.268704392952126
hybrid_only,6,0,hybrid,699.6209526062012,2.7675000190734864,0.13459482843824297,-4.497899163865012
hybrid_only,6,1,hybrid,701.0457248687744,3.5172500133514406,0.07742303321498187,-3.648053301766267
hybrid_only,6,2,hybrid,665.8377778053284,1.8837500125169755,0.1053093764376212,-4.985246518411551
hybrid_only,6,3,hybrid,695.5644077301025,1.3462249979376792,0.08598086315424905,-5.781380805671844
hybrid_only,7,0,hybrid,741.3929237365722,1.726300013065338,0.09171081267021321,-5.871050849640811
hybrid_only,7,1,hybrid,745.3538242340088,2.622749996185303,0.14730768166850078,-5.125403609491786
hybrid_only,7,2,hybrid,745.6477001190185,3.0505000203847885,0.06902834197567144,-4.54403366475674
hybrid_only,7,3,hybrid,742.8395797729493,2.0634999930858613,0.1426412134093926,-5.650178231462416
hybrid_only,8,0,hybrid,590.4434753417969,3.9262500166893006,0.04283406325806591,-2.0638528632448
hybrid_only,8,1,hybrid,588.5874504089355,2.193000015616417,0.062271631842301375,-3.8174177521575414
hybrid_only,8,2,hybrid,587.256799697876,1.666474986076355,0.14153276010867158,-4.489158531119748
hybrid_only,8,3,hybrid,583.3347260475159,1.727524997293949,0.26467541498663244,-4.635173093154474
hybrid_only,9,0,hybrid,669.2622037887573,2.233000010251999,0.055594452724877744,-4.57081093308533
hybrid_only,9,1,hybrid,696.4368034362793,3.0864999890327454,0.02804961331179263,-3.933967271953633
hybrid_only,9,2,hybrid,669.2344270706177,2.0507500052452086,0.1522355164549422,-4.946065298370852
hybrid_only,9,3,hybrid,695.7703006744384,2.165749979019165,0.055443583020932274,-4.9028401937670845
2ppo_2hybrid,0,0,ppo,974.4369089126587,3.315750020742416,0.06251763966215748,-6.553654347708485
2ppo_2hybrid,0,1,ppo,1002.9688213348388,2.0947499930858613,0.15408547161771746,-8.243109163497962
2ppo_2hybrid,0,2,hybrid,1002.5093528747559,2.4217499911785128,0.09025081175139414,-7.783845161071835
2ppo_2hybrid,0,3,hybrid,997.9322525024414,1.7398249879479408,0.12465818587155109,-8.488813908819576
2ppo_2hybrid,1,0,ppo,833.4809745788574,3.8692500412464144,0.0484084273838711,-4.562376559309902
2ppo_2hybrid,1,1,ppo,831.5085731506348,1.9325000196695328,0.05124066206509037,-6.485067035966996
2ppo_2hybrid,1,2,hybrid,831.0002719879151,1.9300000220537186,0.07861103111952292,-6.537224760064478
2ppo_2hybrid,1,3,hybrid,829.142183303833,1.7654999881982802,0.06567730405133157,-6.657276452942713
2ppo_2hybrid,2,0,ppo,969.9163753509522,3.21424999833107,0.06783968418549914,-6.62059312354945
2ppo_2hybrid,2,1,ppo,963.4353210449219,1.765950009226799,0.10549623299177176,-8.079395667205963
2ppo_2hybrid,2,2,hybrid,966.3776191711426,2.318250000476837,0.036250647535939255,-7.418027486306467
2ppo_2hybrid,2,3,hybrid,963.5843372344971,2.1797500014305116,0.12604470692651767,-7.708182784767494
2ppo_2hybrid,3,0,ppo,858.1109043121338,2.701250022649765,0.06192418475707765,-6.0037073899857285
2ppo_2hybrid,3,1,ppo,857.1717990875244,1.4580000206828116,0.08443960539050886,-7.2825971809734495
2ppo_2hybrid,3,2,hybrid,859.0940010070801,2.414000004529953,0.03971544271239504,-6.256370890965638
2ppo_2hybrid,3,3,hybrid,830.3350715637207,2.9075000047683717,0.051170092438932724,-5.498190895746701
2ppo_2hybrid,4,0,ppo,794.8483806610108,1.3996000170707703,0.11837373948617383,-6.785631268511684
2ppo_2hybrid,4,1,ppo,852.8434829711914,3.0945000290870666,0.08932799734584257,-5.612590795316533
2ppo_2hybrid,4,2,hybrid,853.3896987915039,2.2519999772310255,0.11321436694742756,-6.508325744578869
2ppo_2hybrid,4,3,hybrid,853.0206157684327,2.741499996185303,0.0579256720343717,-5.904557505567767
2ppo_2hybrid,5,0,ppo,670.4904991149903,1.7272500097751617,0.11589345006906324,-5.209441881512867
2ppo_2hybrid,5,1,ppo,672.4681774139405,3.100250023603439,0.05643257021467859,-3.7372968909653226
2ppo_2hybrid,5,2,hybrid,671.3331977844239,2.5104999780654906,0.11520891894292133,-4.43324983766459
2ppo_2hybrid,5,3,hybrid,670.9946231842041,2.1962499916553497,0.06620137281014846,-4.646098985806988
2ppo_2hybrid,6,0,ppo,1103.032844543457,1.7480000227689743,0.048879789996708826,-9.380088002659013
2ppo_2hybrid,6,1,ppo,1107.1811981201172,2.204500025510788,0.06854782399749368,-9.00440760368537
2ppo_2hybrid,6,2,hybrid,1106.8900478363037,2.3782500118017196,0.08361434542511477,-8.857879157411547
2ppo_2hybrid,6,3,hybrid,1110.849698638916,3.215499997138977,0.039255812176291406,-7.971508613602767
2ppo_2hybrid,7,0,ppo,895.6984298706054,1.9691499903798104,0.0949484314845492,-7.177731171295344
2ppo_2hybrid,7,1,ppo,895.6107921600342,2.0050999954342843,0.11236003177636526,-7.175727989718789
2ppo_2hybrid,7,2,hybrid,896.8128242492676,2.2105000019073486,0.055308179937895253,-6.868244600461118
2ppo_2hybrid,7,3,hybrid,899.6352523803711,3.3175000071525576,0.04102496999434478,-5.760902456639843
2ppo_2hybrid,8,0,ppo,818.6241054534912,1.4386500112712384,0.17864145425675987,-7.1048739517771935
2ppo_2hybrid,8,1,ppo,822.7371006011963,2.3937500178813935,0.10588357821062981,-6.045388144551829
2ppo_2hybrid,8,2,hybrid,824.5524326324463,3.3510000109672546,0.061853659142496874,-5.018231633642202
2ppo_2hybrid,8,3,hybrid,817.0093521118164,2.341250005364418,0.03799286439518999,-5.904829244544127
2ppo_2hybrid,9,0,ppo,736.3489052772522,2.430250009894371,0.0387273089268499,-5.010693660731851
2ppo_2hybrid,9,1,ppo,743.1443538665771,2.8350000202655794,0.050374956068703916,-4.697193430537601
2ppo_2hybrid,9,2,hybrid,740.510495376587,2.2164999932050704,0.06869907476252196,-5.326003110085843
2ppo_2hybrid,9,3,hybrid,740.7649997711181,2.037275017797947,0.20313272806057112,-5.776640436034377
