run,trial,step,rtt_ms,throughput_mbps,reward
ppo_agent,0,0,48.488,5.74,3.3366545536763947
ppo_agent,0,1,46.091,6.7,4.029145061851207
ppo_agent,0,2,40.325,6.35,3.5322629754739987
ppo_agent,0,3,40.222,5.48,2.7920657321384974
ppo_agent,0,4,40.693,7.51,5.273004861470142
ppo_agent,0,5,40.368,9.29,7.424942090984177
ppo_agent,0,6,40.707,5.76,3.8659413739739747
ppo_agent,0,7,40.705,7.58,5.868424834054293
ppo_agent,0,8,40.667,9.53,7.99696577844885
ppo_agent,0,9,47.717,9.56,8.105731192435927
ppo_agent,0,10,54.113,9.65,8.245870707654902
ppo_agent,0,11,59.817,9.56,8.188509961529709
ppo_agent,0,12,64.35,9.56,8.216740977189067
ppo_agent,0,13,69.711,9.57,8.233273479210812
ppo_agent,0,14,74.329,9.56,8.227717206046744
ppo_agent,0,15,78.559,9.42,8.088521320052783
ppo_agent,0,16,82.341,9.56,8.22784634728121
ppo_agent,0,17,86.318,9.43,8.090558948826269
ppo_agent,0,18,89.875,9.43,8.083760443617958
ppo_agent,0,19,93.853,9.45,8.08919483440537
ppo_agent,0,20,103.739,9.57,8.133408113886972
ppo_agent,0,21,125.578,9.57,7.935969074510795
ppo_agent,0,22,151.922,9.56,7.681633423099882
ppo_agent,0,23,182.097,9.57,7.407295392022995
ppo_agent,0,24,215.255,9.56,7.081584790340509
ppo_agent,0,25,253.238,9.56,6.716427122151516
ppo_agent,0,26,294.659,9.56,6.315708341972032
ppo_agent,0,27,340.641,9.56,5.868410933494314
ppo_agent,0,28,390.471,9.56,5.381598923676968
ppo_agent,0,29,443.492,9.56,4.862138715852159
ppo_agent,0,30,501.123,9.55,4.2859458083576
ppo_agent,0,31,564.329,9.55,3.644283720913327
ppo_agent,0,32,401.352,7.02,2.752369470610569
ppo_agent,0,33,418.896,9.56,5.125198087023379
ppo_agent,0,34,445.187,9.59,4.900034797305153
ppo_agent,0,35,469.913,9.56,4.629954963679936
ppo_agent,0,36,492.054,9.56,4.415260102070482
ppo_agent,0,37,511.006,9.56,4.232075376240516
ppo_agent,0,38,527.562,9.56,4.072449865478505
ppo_agent,0,39,540.324,9.56,3.950462512003625
ppo_agent,1,0,48.674,5.69,5.20326005935669
ppo_agent,1,1,47.041,6.69,4.715830655062109
ppo_agent,1,2,45.993,7.62,5.346010928337807
ppo_agent,1,3,40.412,7.28,4.848853195293529
ppo_agent,1,4,40.244,8.69,6.752050948335205
ppo_agent,1,5,47.142,9.55,7.8773790066235065
ppo_agent,1,6,52.162,9.55,8.041538097983914
ppo_agent,1,7,59.322,9.56,8.128791606839142
ppo_agent,1,8,64.007,9.57,8.201553329213075
ppo_agent,1,9,68.968,9.56,8.226025094409918
ppo_agent,1,10,74.178,9.56,8.240603077058758
ppo_agent,1,11,78.686,9.57,8.259579515307362
ppo_agent,1,12,82.305,9.57,8.268385384693698
ppo_agent,1,13,86.332,9.56,8.25590906243022
ppo_agent,1,14,90.038,9.56,8.251040215614013
ppo_agent,1,15,93.841,9.56,8.241000471069743
ppo_agent,1,16,96.818,9.55,8.225419826399936
ppo_agent,1,17,101.327,9.56,8.211862239159016
ppo_agent,1,18,118.699,9.57,8.067552306599422
ppo_agent,1,19,142.294,9.57,7.849108048479873
ppo_agent,1,20,168.859,9.56,7.5892235354603494
ppo_agent,1,21,200.424,9.56,7.28787341893551
ppo_agent,1,22,235.013,9.57,6.9650385155944115
ppo_agent,1,23,273.712,9.57,6.5899646589147896
ppo_agent,1,24,316.627,9.56,6.161801402870181
ppo_agent,1,25,363.126,9.56,5.70688788070721
ppo_agent,1,26,414.05,9.56,5.207054759620976
ppo_agent,1,27,484.562,9.16,4.11010702616469
ppo_agent,1,28,559.485,8.94,3.148910969713138
ppo_agent,1,29,587.048,9.56,3.5008859273347888
ppo_agent,1,30,656.893,9.56,2.809582162638973
ppo_agent,1,31,731.189,9.56,2.0732977200089318
ppo_agent,1,32,804.213,9.55,1.3082692653785433
ppo_agent,1,33,785.255,9.55,1.4470153592980424
ppo_agent,1,34,602.415,7.07,0.8005686580636908
ppo_agent,1,35,427.107,6.68,2.1703138550064107
ppo_agent,1,36,432.308,9.56,5.005036222485529
ppo_agent,1,37,448.854,9.56,4.845938862042641
ppo_agent,1,38,463.847,9.59,4.7320448753488105
ppo_agent,1,39,477.081,9.56,4.575362970619991
ppo_agent,2,0,48.703,5.73,5.242970027923584
ppo_agent,2,1,47.055,6.7,4.7256904077171376
ppo_agent,2,2,46.197,7.39,5.1139709236075825
ppo_agent,2,3,41.089,7.55,5.14409771488789
ppo_agent,2,4,0.0,9.43,7.9271825218320116
ppo_agent,2,5,47.262,9.57,7.914530990510341
ppo_agent,2,6,54.387,9.55,8.031312958587968
ppo_agent,2,7,59.458,9.55,8.125831526615526
ppo_agent,2,8,64.746,9.56,8.190084046048618
ppo_agent,2,9,70.163,9.56,8.218541020642785
ppo_agent,2,10,75.037,9.57,8.245878772703678
ppo_agent,2,11,79.558,9.57,8.253812332980804
ppo_agent,2,12,83.18,9.57,8.262009215581985
ppo_agent,2,13,87.184,9.56,8.24932335680419
ppo_agent,2,14,90.621,9.56,8.246803794286404
ppo_agent,2,15,94.584,9.56,8.234713782962604
ppo_agent,2,16,96.947,9.44,8.11518461366924
ppo_agent,2,17,101.577,9.56,8.210154660995926
ppo_agent,2,18,118.578,9.56,8.059631322289938
ppo_agent,2,19,142.898,9.56,7.833806847374506
ppo_agent,2,20,169.562,9.56,7.582855528330873
ppo_agent,2,21,200.037,9.56,7.2924293251776575
ppo_agent,2,22,234.96,9.56,6.956163064342434
ppo_agent,2,23,273.764,9.56,6.580034011138276
ppo_agent,2,24,316.084,9.56,6.167723433661023
ppo_agent,2,25,362.73,9.56,5.711359352453778
ppo_agent,2,26,413.315,9.57,5.224816805316067
ppo_agent,2,27,468.35,9.56,4.6730760493765935
ppo_agent,2,28,525.991,9.56,4.104729945936192
ppo_agent,2,29,590.123,9.56,3.4708889266480405
ppo_agent,2,30,655.331,9.55,2.8157902768239236
ppo_agent,2,31,728.514,9.56,2.1005180659329463
ppo_agent,2,32,801.921,9.56,1.3727112174099236
ppo_agent,2,33,880.536,9.56,0.5923355850696481
ppo_agent,2,34,966.266,9.56,-0.2595222375907138
ppo_agent,2,35,1052.44,9.56,-1.1160098598911574
ppo_agent,2,36,1139.69,9.55,-1.993598489831303
ppo_agent,2,37,1237.94,9.55,-2.971486725547754
ppo_agent,2,38,1340.84,9.55,-3.9961642341291874
ppo_agent,2,39,1441.56,9.56,-4.9891338001048116
ppo_agent,3,0,48.652,5.73,3.8689095680656296
ppo_agent,3,1,45.29,6.7,4.447324771988378
ppo_agent,3,2,41.01,6.64,4.155569719052459
ppo_agent,3,3,40.244,8.37,6.361134187935825
ppo_agent,3,4,43.169,9.56,7.871107708494847
ppo_agent,3,5,40.404,8.35,6.710847904725279
ppo_agent,3,6,41.454,4.62,2.912008000144866
ppo_agent,3,7,40.213,6.93,5.361689057808923
ppo_agent,3,8,40.796,8.65,7.211111769135465
ppo_agent,3,9,44.883,9.57,8.214397243835935
ppo_agent,3,10,52.037,9.56,8.231753633340722
ppo_agent,3,11,58.117,9.55,8.24073007117088
ppo_agent,3,12,40.397,7.8,6.6320234059720775
ppo_agent,3,13,40.444,9.21,8.099954390860407
ppo_agent,3,14,40.349,5.76,4.607306267866416
ppo_agent,3,15,40.566,7.56,6.444994295201079
ppo_agent,3,16,40.586,9.5,8.43023959971068
ppo_agent,3,17,46.949,9.32,8.230930995208475
ppo_agent,3,18,54.14,9.56,8.437711665917718
ppo_agent,3,19,59.264,9.57,8.430911608002877
ppo_agent,3,20,40.264,7.79,6.811970921009214
ppo_agent,3,21,41.279,9.55,8.590626346517054
ppo_agent,3,22,48.266,9.56,8.558656003534493
ppo_agent,3,23,54.453,9.56,8.52186486418589
ppo_agent,3,24,59.44,9.56,8.494710022390704
ppo_agent,3,25,65.992,9.57,8.459905796335937
ppo_agent,3,26,71.065,9.56,8.418146945575039
ppo_agent,3,27,75.088,9.56,8.39539218949218
ppo_agent,3,28,79.338,9.42,8.22889796507614
ppo_agent,3,29,83.014,9.42,8.207018347155753
ppo_agent,3,30,87.189,9.57,8.328982148138468
ppo_agent,3,31,90.738,9.44,8.176286581365042
ppo_agent,3,32,94.417,9.56,8.271515529828692
ppo_agent,3,33,49.356,9.04,8.181947603482792
ppo_agent,3,34,54.449,9.56,8.662517319275432
ppo_agent,3,35,60.512,9.56,8.612732002369242
ppo_agent,3,36,66.171,9.6,8.606294278561583
ppo_agent,3,37,70.977,9.6,8.567779782966758
ppo_agent,3,38,55.64,9.56,8.663886569314649
ppo_agent,3,39,62.878,9.56,8.600809964625865
ppo_agent,4,0,48.16,5.74,5.258399772644043
ppo_agent,4,1,47.04,6.7,4.71731246551629
ppo_agent,4,2,45.949,7.64,5.3685053233517115
ppo_agent,4,3,40.208,7.22,5.142877912313694
ppo_agent,4,4,40.997,9.51,7.829382181906792
ppo_agent,4,5,40.606,7.8,6.136737476866429
ppo_agent,4,6,40.974,9.53,8.076781481867252
ppo_agent,4,7,47.54,9.56,8.206123104458499
ppo_agent,4,8,54.469,9.57,8.267015838261463
ppo_agent,4,9,59.574,9.56,8.297223163581412
ppo_agent,4,10,64.332,9.57,8.33070253329091
ppo_agent,4,11,69.91,9.57,8.332541650127755
ppo_agent,4,12,75.042,9.57,8.328782150643002
ppo_agent,4,13,79.422,9.56,8.31439809044075
ppo_agent,4,14,82.913,9.56,8.313406492708703
ppo_agent,4,15,87.122,9.57,8.31030444364094
ppo_agent,4,16,89.79,9.44,8.178793485851097
ppo_agent,4,17,94.215,9.56,8.276699070310288
ppo_agent,4,18,97.058,9.56,8.267747735014678
ppo_agent,4,19,101.438,9.45,8.131475812389647
ppo_agent,4,20,104.178,9.56,8.229828192168377
ppo_agent,4,21,118.548,9.56,8.100672896214132
ppo_agent,4,22,140.852,9.56,7.89089405034963
ppo_agent,4,23,166.845,9.56,7.643103202440725
ppo_agent,4,24,195.743,9.57,7.375227960514117
ppo_agent,4,25,229.306,9.56,7.039839740756062
ppo_agent,4,26,266.637,9.56,6.676002629169053
ppo_agent,4,27,307.15,9.56,6.279695886950795
ppo_agent,4,28,353.074,9.56,5.828641794410865
ppo_agent,4,29,401.954,9.56,5.347518764731681
ppo_agent,4,30,455.009,9.57,4.8341223943969895
ppo_agent,4,31,512.87,9.55,4.242209126959452
ppo_agent,4,32,574.074,9.56,3.6464744964171185
ppo_agent,4,33,638.668,9.56,3.0064796629538755
ppo_agent,4,34,709.174,9.56,2.306991660624739
ppo_agent,4,35,783.108,9.56,1.5729651550351473
ppo_agent,4,36,857.882,9.56,0.8302368329605958
ppo_agent,4,37,941.819,9.56,-0.02917120241687776
ppo_agent,4,38,1028.12,9.55,-0.8991460176347079
ppo_agent,4,39,0.0,9.56,9.395022809435224
ppo_hybrid_tree,0,0,48.623,5.73,5.243770008087158
ppo_hybrid_tree,0,1,47.037,6.69,4.721502728908696
ppo_hybrid_tree,0,2,45.918,7.65,5.384951028199551
ppo_hybrid_tree,0,3,40.242,7.49,5.079211564483004
ppo_hybrid_tree,0,4,41.607,9.03,7.0901202247256325
ppo_hybrid_tree,0,5,47.073,9.56,7.893455752271529
ppo_hybrid_tree,0,6,52.094,9.56,8.055453844539455
ppo_hybrid_tree,0,7,59.194,9.56,8.131823483377383
ppo_hybrid_tree,0,8,64.04,9.55,8.18210700182815
ppo_hybrid_tree,0,9,69.5,9.57,8.23191287810396
ppo_hybrid_tree,0,10,73.39,9.56,8.249593099272941
ppo_hybrid_tree,0,11,78.714,9.42,8.1104395588803
ppo_hybrid_tree,0,12,82.378,9.57,8.268512704934285
ppo_hybrid_tree,0,13,86.588,9.56,8.254157108862831
ppo_hybrid_tree,0,14,45.002,9.31,8.381511531081497
ppo_hybrid_tree,0,15,52.11,9.56,8.59318248928523
ppo_hybrid_tree,0,16,57.986,9.57,8.573162776864649
ppo_hybrid_tree,0,17,62.894,9.56,8.539068249389102
ppo_hybrid_tree,0,18,68.677,9.54,8.483641769143318
ppo_hybrid_tree,0,19,73.682,9.57,8.48352935310844
ppo_hybrid_tree,0,20,76.388,9.42,8.324445112870503
ppo_hybrid_tree,0,21,40.315,9.57,8.804530867977418
ppo_hybrid_tree,0,22,48.183,9.56,8.732970864543894
ppo_hybrid_tree,0,23,54.487,9.56,8.685335515708417
ppo_hybrid_tree,0,24,60.358,9.57,8.650619815896816
ppo_hybrid_tree,0,25,65.482,9.56,8.602293506356927
ppo_hybrid_tree,0,26,70.758,9.55,8.551405243871862
ppo_hybrid_tree,0,27,75.054,9.57,8.539445685579262
ppo_hybrid_tree,0,28,79.729,9.56,8.492873202442208
ppo_hybrid_tree,0,29,83.486,9.42,8.324871673894249
ppo_hybrid_tree,0,30,87.182,9.57,8.44670622535211
ppo_hybrid_tree,0,31,91.401,9.43,8.272736779636688
ppo_hybrid_tree,0,32,94.523,9.57,8.389267755126054
ppo_hybrid_tree,0,33,97.572,9.56,8.355986219486274
ppo_hybrid_tree,0,34,101.69,9.56,8.321601121997126
ppo_hybrid_tree,0,35,104.592,9.56,8.299012173980111
ppo_hybrid_tree,0,36,118.561,9.56,8.165540429944237
ppo_hybrid_tree,0,37,140.712,9.56,7.949963432582935
ppo_hybrid_tree,0,38,165.57,9.57,7.717012321951944
ppo_hybrid_tree,0,39,194.655,9.56,7.421511852169219
ppo_hybrid_tree,1,0,48.635,5.73,5.243650035858154
ppo_hybrid_tree,1,1,47.058,6.69,4.721292729824223
ppo_hybrid_tree,1,2,45.951,7.64,5.370535113218144
ppo_hybrid_tree,1,3,40.291,7.5,5.083667177545944
ppo_hybrid_tree,1,4,40.389,9.26,7.3323007056826635
ppo_hybrid_tree,1,5,40.619,7.8,5.927841609535417
ppo_hybrid_tree,1,6,40.935,9.54,7.916952505554015
ppo_hybrid_tree,1,7,47.52,9.56,8.061782512225763
ppo_hybrid_tree,1,8,54.468,9.56,8.132039677472521
ppo_hybrid_tree,1,9,59.561,9.56,8.187475871976288
ppo_hybrid_tree,1,10,64.206,9.56,8.224527826313928
ppo_hybrid_tree,1,11,70.103,9.57,8.242150832450122
ppo_hybrid_tree,1,12,75.03,9.57,8.248154493722412
ppo_hybrid_tree,1,13,79.647,9.56,8.238202057672039
ppo_hybrid_tree,1,14,83.295,9.43,8.11152925533998
ppo_hybrid_tree,1,15,87.213,9.57,8.245965265972218
ppo_hybrid_tree,1,16,90.347,9.56,8.234016460345597
ppo_hybrid_tree,1,17,94.385,9.56,8.21926875403044
ppo_hybrid_tree,1,18,97.265,9.56,8.213318900205921
ppo_hybrid_tree,1,19,101.651,9.57,8.199865032368521
ppo_hybrid_tree,1,20,104.307,9.58,8.201560426310646
ppo_hybrid_tree,1,21,120.261,9.56,8.038955284903023
ppo_hybrid_tree,1,22,142.405,9.56,7.8329529207318584
ppo_hybrid_tree,1,23,168.02,9.57,7.600812140488504
ppo_hybrid_tree,1,24,199.112,9.56,7.292936795840796
ppo_hybrid_tree,1,25,233.63,9.56,6.9596988622085245
ppo_hybrid_tree,1,26,271.535,9.56,6.591668814509881
ppo_hybrid_tree,1,27,313.14,9.56,6.185839739059149
ppo_hybrid_tree,1,28,359.08,9.56,5.736042089409073
ppo_hybrid_tree,1,29,408.604,9.56,5.249691257606663
ppo_hybrid_tree,1,30,462.758,9.56,4.716471057422878
ppo_hybrid_tree,1,31,520.232,9.57,4.159547733371252
ppo_hybrid_tree,1,32,583.671,9.56,3.5224870016871677
ppo_hybrid_tree,1,33,648.81,9.56,2.8780617455191653
ppo_hybrid_tree,1,34,721.076,9.56,2.161874364897832
ppo_hybrid_tree,1,35,794.719,9.56,1.4316158881632104
ppo_hybrid_tree,1,36,872.553,9.55,0.6491306848697409
ppo_hybrid_tree,1,37,958.236,9.56,-0.19224210571337252
ppo_hybrid_tree,1,38,1043.92,9.56,-1.0438090733343675
ppo_hybrid_tree,1,39,1130.87,9.56,-1.9083164509486306
ppo_hybrid_tree,2,0,48.749,5.74,5.252509765625
ppo_hybrid_tree,2,1,47.442,6.7,4.6287734086118535
ppo_hybrid_tree,2,2,45.409,7.66,5.334564814205058
ppo_hybrid_tree,2,3,40.764,7.25,4.947441826622411
ppo_hybrid_tree,2,4,40.195,6.35,4.1285957439334515
ppo_hybrid_tree,2,5,40.236,8.03,6.143621467520657
ppo_hybrid_tree,2,6,41.719,9.54,7.919663252806232
ppo_hybrid_tree,2,7,49.521,9.56,8.062863638258623
ppo_hybrid_tree,2,8,54.579,9.56,8.154990341428567
ppo_hybrid_tree,2,9,61.154,9.56,8.196580727082447
ppo_hybrid_tree,2,10,66.497,9.56,8.22664994041227
ppo_hybrid_tree,2,11,71.099,9.56,8.247576240161877
ppo_hybrid_tree,2,12,75.96,9.56,8.253377495887479
ppo_hybrid_tree,2,13,79.912,9.57,8.269529881298979
ppo_hybrid_tree,2,14,84.708,9.57,8.259791798443823
ppo_hybrid_tree,2,15,87.976,9.56,8.250132913486933
ppo_hybrid_tree,2,16,91.978,9.57,8.248799315878543
ppo_hybrid_tree,2,17,95.077,9.57,8.242745443410953
ppo_hybrid_tree,2,18,99.128,9.56,8.214400457900497
ppo_hybrid_tree,2,19,102.117,9.56,8.20429622654073
ppo_hybrid_tree,2,20,120.124,9.56,8.042189124704322
ppo_hybrid_tree,2,21,143.834,9.57,7.831532721688451
ppo_hybrid_tree,2,22,171.145,9.56,7.563306273765376
ppo_hybrid_tree,2,23,202.574,9.56,7.262634793754605
ppo_hybrid_tree,2,24,238.307,9.56,6.917811355841737
ppo_hybrid_tree,2,25,277.707,9.56,6.535311364673434
ppo_hybrid_tree,2,26,320.66,9.56,6.116411958968625
ppo_hybrid_tree,2,27,367.797,9.56,5.654857010730962
ppo_hybrid_tree,2,28,419.122,9.54,5.1132680514330255
ppo_hybrid_tree,2,29,404.005,8.71,4.440967326577599
ppo_hybrid_tree,2,30,331.047,9.56,6.0286405782919275
ppo_hybrid_tree,2,31,352.308,9.56,5.823570691916464
ppo_hybrid_tree,2,32,374.798,9.56,5.605652453584492
ppo_hybrid_tree,2,33,394.915,9.56,5.41100735365217
ppo_hybrid_tree,2,34,412.618,9.56,5.240088899626019
ppo_hybrid_tree,2,35,425.579,9.56,5.116126756678981
ppo_hybrid_tree,2,36,435.985,9.56,5.017466413951274
ppo_hybrid_tree,2,37,445.036,9.56,4.931997881031266
ppo_hybrid_tree,2,38,450.661,9.56,4.880465411009053
ppo_hybrid_tree,2,39,454.653,9.56,4.8450289520009395
ppo_hybrid_tree,3,0,48.64,5.74,5.253599777221679
ppo_hybrid_tree,3,1,47.043,6.69,4.721442723720708
ppo_hybrid_tree,3,2,45.945,7.65,5.38468102392709
ppo_hybrid_tree,3,3,40.183,7.51,5.440113528381296
ppo_hybrid_tree,3,4,40.447,9.53,7.860507609121864
ppo_hybrid_tree,3,5,40.4,7.8,6.1420816801782685
ppo_hybrid_tree,3,6,41.763,9.25,7.791155244574889
ppo_hybrid_tree,3,7,47.428,9.56,8.210127556253548
ppo_hybrid_tree,3,8,54.309,9.14,7.841242855946423
ppo_hybrid_tree,3,9,59.483,9.55,8.289797287590126
ppo_hybrid_tree,3,10,64.27,9.56,8.322946812769988
ppo_hybrid_tree,3,11,70.158,9.56,8.321867799074518
ppo_hybrid_tree,3,12,75.024,9.56,8.32046376277912
ppo_hybrid_tree,3,13,79.456,9.56,8.315580987867731
ppo_hybrid_tree,3,14,41.849,9.3,8.392768709838942
ppo_hybrid_tree,3,15,49.541,9.56,8.610118739278727
ppo_hybrid_tree,3,16,55.529,9.56,8.58008197622441
ppo_hybrid_tree,3,17,61.653,9.56,8.544837163434213
ppo_hybrid_tree,3,18,66.466,9.56,8.519803904750315
ppo_hybrid_tree,3,19,70.996,9.56,8.495295687141066
ppo_hybrid_tree,3,20,75.472,9.56,8.46894408205966
ppo_hybrid_tree,3,21,79.599,9.56,8.444266224746034
ppo_hybrid_tree,3,22,83.861,9.56,8.41657874907384
ppo_hybrid_tree,3,23,87.496,9.43,8.263919468064843
ppo_hybrid_tree,3,24,91.335,9.44,8.24795943327302
ppo_hybrid_tree,3,25,94.7,9.57,8.355798656537521
ppo_hybrid_tree,3,26,98.776,9.56,8.315548073950819
ppo_hybrid_tree,3,27,101.854,9.57,8.304459026339362
ppo_hybrid_tree,3,28,104.198,9.56,8.280107277451968
ppo_hybrid_tree,3,29,119.969,9.56,8.130990172596274
ppo_hybrid_tree,3,30,140.131,9.57,7.94746826930173
ppo_hybrid_tree,3,31,165.712,9.56,7.689254056910606
ppo_hybrid_tree,3,32,194.728,9.56,7.40627644929054
ppo_hybrid_tree,3,33,227.011,9.56,7.09020419635917
ppo_hybrid_tree,3,34,263.461,9.57,6.7420195437268005
ppo_hybrid_tree,3,35,304.092,9.56,6.331739220028977
ppo_hybrid_tree,3,36,347.96,9.57,5.90877030440421
ppo_hybrid_tree,3,37,396.558,9.56,5.418219915470072
ppo_hybrid_tree,3,38,448.67,9.56,4.902255691570266
ppo_hybrid_tree,3,39,505.456,9.56,4.339307814290603
ppo_hybrid_tree,4,0,48.156,5.74,5.258439788818359
ppo_hybrid_tree,4,1,47.026,6.69,4.718801961150894
ppo_hybrid_tree,4,2,45.84,7.65,5.383690489321778
ppo_hybrid_tree,4,3,40.403,7.5,5.0825471824287565
ppo_hybrid_tree,4,4,40.535,9.52,7.589872822694887
ppo_hybrid_tree,4,5,40.446,7.78,5.90880370709083
ppo_hybrid_tree,4,6,40.341,9.53,7.908138910132558
ppo_hybrid_tree,4,7,47.499,9.56,8.05936938848251
ppo_hybrid_tree,4,8,40.673,9.41,7.97762881841415
ppo_hybrid_tree,4,9,44.997,9.57,8.2186212276405
ppo_hybrid_tree,4,10,51.923,9.35,8.026952241966097
ppo_hybrid_tree,4,11,43.09,9.57,8.319427562150798
ppo_hybrid_tree,4,12,48.929,9.57,8.334441029562878
ppo_hybrid_tree,4,13,54.674,9.56,8.328459204328544
ppo_hybrid_tree,4,14,60.26,9.56,8.324377753088548
ppo_hybrid_tree,4,15,66.445,9.57,8.317025911706285
ppo_hybrid_tree,4,16,71.019,9.56,8.300359898242322
ppo_hybrid_tree,4,17,75.099,9.56,8.293546511856551
ppo_hybrid_tree,4,18,79.284,9.42,8.14172321726975
ppo_hybrid_tree,4,19,83.496,9.57,8.2762071467236
ppo_hybrid_tree,4,20,44.755,9.56,8.627131311629068
ppo_hybrid_tree,4,21,51.183,9.54,8.566915362734635
ppo_hybrid_tree,4,22,56.959,9.53,8.52109068116927
ppo_hybrid_tree,4,23,62.901,9.38,8.33157100013508
ppo_hybrid_tree,4,24,66.865,9.55,8.48014660126467
ppo_hybrid_tree,4,25,72.66,9.56,8.448858948656056
ppo_hybrid_tree,4,26,76.842,9.56,8.422235977264432
ppo_hybrid_tree,4,27,80.9,9.42,8.255791820203969
ppo_hybrid_tree,4,28,84.954,9.57,8.378433163966212
ppo_hybrid_tree,4,29,89.321,9.52,8.296947966102442
ppo_hybrid_tree,4,30,92.161,9.56,8.319868330836277
ppo_hybrid_tree,4,31,96.607,9.56,8.285930089033384
ppo_hybrid_tree,4,32,99.234,9.57,8.27957487810048
ppo_hybrid_tree,4,33,102.139,9.56,8.249780901850272
ppo_hybrid_tree,4,34,106.61,9.56,8.213788368695255
ppo_hybrid_tree,4,35,121.604,9.56,8.072221326413361
ppo_hybrid_tree,4,36,142.421,9.56,7.872042510077803
ppo_hybrid_tree,4,37,167.033,9.57,7.643554907813543
ppo_hybrid_tree,4,38,195.639,9.56,7.354699329620722
ppo_hybrid_tree,4,39,228.206,9.56,7.035956212070879
cubic_baseline,0,0,119.1,9.46,8.269000053405762
cubic_baseline,0,1,63.573,9.59,8.425868548767411
cubic_baseline,0,2,68.763,9.57,8.544531852103567
cubic_baseline,0,3,71.225,9.4,8.439302428820119
cubic_baseline,0,4,76.289,9.59,8.630742931262969
cubic_baseline,0,5,78.796,9.23,8.279635993161437
cubic_baseline,0,6,84.34,9.57,8.588095576320658
cubic_baseline,0,7,87.537,9.55,8.553930104750068
cubic_baseline,0,8,91.689,9.57,8.546129188853874
cubic_baseline,0,9,94.603,9.56,8.51797813074063
cubic_baseline,0,10,97.155,9.56,8.501342417886448
cubic_baseline,0,11,101.625,9.56,8.464037386535791
cubic_baseline,0,12,104.22,9.56,8.444284509596766
cubic_baseline,0,13,106.746,9.56,8.424385686449632
cubic_baseline,0,14,111.438,9.55,8.37206756556644
cubic_baseline,0,15,113.793,9.57,8.372545892624627
cubic_baseline,0,16,124.79,9.53,8.226210384707352
cubic_baseline,0,17,142.235,9.57,8.094969588628512
cubic_baseline,0,18,162.025,9.57,7.899967552996897
cubic_baseline,0,19,186.063,9.56,7.652183879556642
cubic_baseline,0,20,213.329,9.56,7.3819126224037195
cubic_baseline,0,21,245.059,9.57,7.076761167465033
cubic_baseline,0,22,279.352,9.56,6.72580944945622
cubic_baseline,0,23,318.526,9.56,6.33588659732072
cubic_baseline,0,24,361.197,9.56,5.910852333538284
cubic_baseline,0,25,407.962,9.56,5.444761485459013
cubic_baseline,0,26,458.576,9.56,4.940064181955563
cubic_baseline,0,27,513.534,9.56,4.391822427361776
cubic_baseline,0,28,572.034,9.56,3.8080798442906234
cubic_baseline,0,29,635.644,9.56,3.173153910809077
cubic_baseline,0,30,701.387,9.56,2.5168197091930633
cubic_baseline,0,31,774.257,9.56,1.7891496862005853
cubic_baseline,0,32,847.556,9.56,1.0571438155311572
cubic_baseline,0,33,926.557,9.56,0.26804686731827054
cubic_baseline,0,34,1011.81,9.56,-0.5836227821050226
cubic_baseline,0,35,1097.71,9.56,-1.4417874998434748
cubic_baseline,0,36,1183.52,9.56,-2.2991060630493756
cubic_baseline,0,37,1282.74,9.56,-3.2905717686730593
cubic_baseline,0,38,1385.2,9.56,-4.31448363397951
cubic_baseline,0,39,1487.72,9.56,-5.339004782399288
cubic_baseline,1,0,154.969,9.56,8.01031047821045
cubic_baseline,1,1,120.145,7.71,6.368787667802961
cubic_baseline,1,2,133.078,9.56,8.1219817844217
cubic_baseline,1,3,145.016,9.56,8.022808153004725
cubic_baseline,1,4,153.991,9.56,7.946776663480965
cubic_baseline,1,5,161.108,9.56,7.885569119663378
cubic_baseline,1,6,166.034,9.56,7.84384130782932
cubic_baseline,1,7,169.57,9.56,7.814425034653814
cubic_baseline,1,8,171.765,9.49,7.7272336030732465
cubic_baseline,1,9,171.006,9.5,7.748762351262464
cubic_baseline,1,10,83.504,9.56,8.609863568387743
cubic_baseline,1,11,91.812,9.56,8.535497476293685
cubic_baseline,1,12,96.896,9.57,8.502127689244602
cubic_baseline,1,13,99.796,9.56,8.469633235658204
cubic_baseline,1,14,120.756,7.85,6.555306623621178
cubic_baseline,1,15,101.796,9.56,8.459961100055157
cubic_baseline,1,16,103.398,9.57,8.458470230812525
cubic_baseline,1,17,127.7,5.99,4.6389348713802185
cubic_baseline,1,18,109.039,9.56,8.399245681149802
cubic_baseline,1,19,111.681,9.56,8.376166293371778
cubic_baseline,1,20,114.2,9.56,8.353822463183802
cubic_baseline,1,21,136.307,8.11,6.685428973311721
cubic_baseline,1,22,119.752,9.57,8.313476854006042
cubic_baseline,1,23,122.575,9.56,8.277609271997772
cubic_baseline,1,24,129.062,9.56,8.214958686309608
cubic_baseline,1,25,139.361,9.57,8.124024610794075
cubic_baseline,1,26,154.933,9.56,7.960233311322847
cubic_baseline,1,27,172.208,9.56,7.78927447494549
cubic_baseline,1,28,191.969,9.56,7.593351098074268
cubic_baseline,1,29,217.119,9.56,7.3434349045432175
cubic_baseline,1,30,244.984,9.56,7.066278380898474
cubic_baseline,1,31,167.551,6.81,5.062979696566234
cubic_baseline,1,32,134.189,9.56,8.148738284248303
cubic_baseline,1,33,142.299,9.56,8.069656785756976
cubic_baseline,1,34,146.862,9.56,8.025905403220131
cubic_baseline,1,35,151.401,9.56,7.982288027381969
cubic_baseline,1,36,153.695,9.56,7.961034842498543
cubic_baseline,1,37,153.993,9.56,7.959629236545833
cubic_baseline,1,38,153.727,9.49,7.893795256194277
cubic_baseline,1,39,154.12,9.56,7.9613027683528275
cubic_baseline,2,0,119.077,9.47,8.27923023223877
cubic_baseline,2,1,142.927,9.56,8.130730400085449
cubic_baseline,2,2,167.461,9.56,7.885390434265137
cubic_baseline,2,3,191.859,9.56,7.6414104843139645
cubic_baseline,2,4,215.327,9.57,7.416729736328125
cubic_baseline,2,5,240.063,9.59,7.1893701171875
cubic_baseline,2,6,264.772,9.56,6.912280387878418
cubic_baseline,2,7,288.89,9.56,6.671100273132325
cubic_baseline,2,8,313.724,9.57,6.432759704589843
cubic_baseline,2,9,338.274,9.56,6.177260551452637
cubic_baseline,2,10,362.578,9.56,5.934220390319824
cubic_baseline,2,11,386.806,9.56,5.691940422058106
cubic_baseline,2,12,411.522,9.56,5.444780387878418
cubic_baseline,2,13,404.891,9.12,5.004523157007704
cubic_baseline,2,14,211.537,7.45,5.27192403037751
cubic_baseline,2,15,222.749,9.56,7.273781963035304
cubic_baseline,2,16,233.238,9.56,7.1723869927487165
cubic_baseline,2,17,241.704,9.56,7.090822828728415
cubic_baseline,2,18,247.886,9.56,7.0317515903138
cubic_baseline,2,19,252.932,9.56,6.9837595301429545
cubic_baseline,2,20,254.905,9.56,6.966257694393562
cubic_baseline,2,21,255.902,9.56,6.958309273374902
cubic_baseline,2,22,255.661,9.56,6.962561639632158
cubic_baseline,2,23,256.144,9.56,6.959429009642253
cubic_baseline,2,24,255.677,9.51,6.915650352154044
cubic_baseline,2,25,256.213,9.56,6.961733333588681
cubic_baseline,2,26,257.876,9.56,6.946430497628032
cubic_baseline,2,27,260.383,9.56,6.922602152048082
cubic_baseline,2,28,263.362,9.56,6.89397601750016
cubic_baseline,2,29,268.569,9.56,6.842994359866909
cubic_baseline,2,30,298.338,8.41,5.396261493379446
cubic_baseline,2,31,286.293,8.65,5.757679471556182
cubic_baseline,2,32,298.522,9.56,6.546300501797962
cubic_baseline,2,33,314.61,9.56,6.386281978791815
cubic_baseline,2,34,331.783,9.56,6.21536626271953
cubic_baseline,2,35,354.452,9.56,5.989447268800397
cubic_baseline,2,36,378.881,9.56,5.745894657162271
cubic_baseline,2,37,408.966,9.56,5.445750725389062
cubic_baseline,2,38,441.402,9.56,5.122058324816695
cubic_baseline,2,39,478.276,9.56,4.753958877926274
cubic_baseline,3,0,118.84,9.47,8.281600303649903
cubic_baseline,3,1,143.094,9.56,8.12906047821045
cubic_baseline,3,2,167.6,9.56,7.8840003585815435
cubic_baseline,3,3,192.053,9.56,7.639470481872559
cubic_baseline,3,4,216.073,9.57,7.409269714355469
cubic_baseline,3,5,240.732,9.56,7.152680473327637
cubic_baseline,3,6,264.875,9.57,6.921249694824219
cubic_baseline,3,7,289.088,9.56,6.669120292663575
cubic_baseline,3,8,314.21,9.56,6.4179005050659175
cubic_baseline,3,9,259.778,7.4,4.707858066198876
cubic_baseline,3,10,164.695,9.56,7.8270658235886135
cubic_baseline,3,11,175.164,9.56,7.7296667201364695
cubic_baseline,3,12,182.635,9.56,7.661068366038088
cubic_baseline,3,13,188.594,9.56,7.606697729810315
cubic_baseline,3,14,192.577,9.56,7.571396656533738
cubic_baseline,3,15,196.119,9.56,7.53989154735885
cubic_baseline,3,16,196.002,9.57,7.554524278110561
cubic_baseline,3,17,195.654,9.5,7.491076483589121
cubic_baseline,3,18,195.901,9.56,7.551356460229534
cubic_baseline,3,19,196.105,9.56,7.551797332552319
cubic_baseline,3,20,195.346,9.51,7.511626757029172
cubic_baseline,3,21,198.237,9.56,7.53476715831863
cubic_baseline,3,22,200.561,9.56,7.513402567102302
cubic_baseline,3,23,203.918,9.56,7.481546985605621
cubic_baseline,3,24,210.455,9.56,7.417771426174275
cubic_baseline,3,25,218.451,9.56,7.339278175820913
cubic_baseline,3,26,227.985,9.57,7.255303447758948
cubic_baseline,3,27,241.747,9.56,7.108959350601945
cubic_baseline,3,28,257.586,9.57,6.961758911285981
cubic_baseline,3,29,276.019,9.57,6.778540026847835
cubic_baseline,3,30,299.421,9.56,6.535579039351816
cubic_baseline,3,31,325.016,9.57,6.290612835469483
cubic_baseline,3,32,355.334,9.56,5.978371727550889
cubic_baseline,3,33,388.699,9.56,5.645603722235485
cubic_baseline,3,34,426.281,9.56,5.270624644080662
cubic_baseline,3,35,469.041,9.53,4.813815025269613
cubic_baseline,3,36,512.654,9.56,4.408437043131237
cubic_baseline,3,37,562.752,9.56,3.908181893857683
cubic_baseline,3,38,616.354,9.56,3.3728434472129933
cubic_baseline,3,39,672.734,9.56,2.8096995372825857
cubic_baseline,4,0,116.936,9.56,8.390640449523925
cubic_baseline,4,1,141.415,9.56,8.145850486755371
cubic_baseline,4,2,165.771,9.56,7.902290458679199
cubic_baseline,4,3,190.683,9.56,7.6531704330444335
cubic_baseline,4,4,214.826,9.56,7.411740379333496
cubic_baseline,4,5,238.694,9.57,7.1830596923828125
cubic_baseline,4,6,262.982,9.56,6.930180473327637
cubic_baseline,4,7,287.885,9.56,6.681150321960449
cubic_baseline,4,8,312.137,9.57,6.448629760742188
cubic_baseline,4,9,336.441,9.56,6.195590324401856
cubic_baseline,4,10,360.786,9.56,5.952140312194825
cubic_baseline,4,11,385.673,9.56,5.7032703781127925
cubic_baseline,4,12,410.113,9.56,5.458870353698731
cubic_baseline,4,13,433.832,9.56,5.22168041229248
cubic_baseline,4,14,458.293,9.56,4.977070426940918
cubic_baseline,4,15,482.954,9.56,4.730460319519043
cubic_baseline,4,16,507.323,9.56,4.486770439147949
cubic_baseline,4,17,531.601,9.56,4.243990287780762
cubic_baseline,4,18,556.177,9.56,3.9982304000854496
cubic_baseline,4,19,580.696,9.56,3.753040580749512
cubic_baseline,4,20,604.574,9.56,3.5142606735229496
cubic_baseline,4,21,629.479,9.56,3.2652103805541994
cubic_baseline,4,22,664.484,9.56,2.9151603317260744
cubic_baseline,4,23,719.306,9.56,2.366940116882324
cubic_baseline,4,24,784.524,9.55,1.6866722335774025
cubic_baseline,4,25,857.284,9.55,0.9595421840406964
cubic_baseline,4,26,704.147,7.97,0.9115275982716735
cubic_baseline,4,27,618.334,8.01,1.8102817101666409
cubic_baseline,4,28,644.109,9.57,3.113113066375975
cubic_baseline,4,29,676.204,9.56,2.7827039308203867
cubic_baseline,4,30,706.094,9.56,2.484307951840309
cubic_baseline,4,31,734.737,9.56,2.1983447102137976
cubic_baseline,4,32,760.631,9.56,1.9398430665635598
cubic_baseline,4,33,783.39,9.56,1.7126612192417188
cubic_baseline,4,34,803.301,9.56,1.513933630914785
cubic_baseline,4,35,819.98,9.58,1.3675025125173814
cubic_baseline,4,36,834.341,9.56,1.2042317374730995
cubic_baseline,4,37,846.226,9.56,1.0857007982551163
cubic_baseline,4,38,854.964,9.56,0.9986234378366969
cubic_baseline,4,39,861.943,9.56,0.9291203248112492
